{
    "rmse": 0.7450416514076635,
    "mae": 0.5980505078354208,
    "r2": 0.15735509850035256
}