{
    "rmse": 0.7557531050662982,
    "mae": 0.5984342646110485,
    "r2": 0.1342001408724105
}